"","Year","B_tot","B_exp","Catch","Stock"
"1",1978,NA,NA,NA,"GOM_Cod"
"2",1979,NA,NA,NA,"GOM_Cod"
"3",1980,NA,NA,NA,"GOM_Cod"
"4",1981,NA,NA,NA,"GOM_Cod"
"5",1982,46691.8883,34466.6735164384,17092.1,"GOM_Cod"
"6",1983,38391.0158,29350.4244574713,16478.1,"GOM_Cod"
"7",1984,33044.3325,24854.4272025641,12859.3,"GOM_Cod"
"8",1985,32967.8917,25113.5571692308,14382.5,"GOM_Cod"
"9",1986,30861.1544,22700.994452381,12567.4,"GOM_Cod"
"10",1987,30095.1368,21966.6148707317,11981.4,"GOM_Cod"
"11",1988,33150.1766,22911.0861698413,10326.4,"GOM_Cod"
"12",1989,47723.6349,21224.8719709677,13332.8,"GOM_Cod"
"13",1990,46393.0552,25877.4228447368,19280.4,"GOM_Cod"
"14",1991,40692.2414,27722.6375086614,20944.1,"GOM_Cod"
"15",1992,25828.8757,16097.3196992647,12329.3,"GOM_Cod"
"16",1993,21646.8262,11430.05582,9909.4,"GOM_Cod"
"17",1994,22296.5078,10506.5854589041,9009.8,"GOM_Cod"
"18",1995,21947.94,11222.692953,7517.5,"GOM_Cod"
"19",1996,19701.4021,11521.4354097087,7716.2,"GOM_Cod"
"20",1997,16478.0179,9513.30435053763,5784.9,"GOM_Cod"
"21",1998,15566.2643,8142.95872195122,4541.9,"GOM_Cod"
"22",1999,15697.831,8349.10796041667,3042.3,"GOM_Cod"
"23",2000,25568.9562,12772.5993016393,5753.9,"GOM_Cod"
"24",2001,27437.1998,15477.7478535211,7941.2,"GOM_Cod"
"25",2002,23153.9865,15736.6414690909,6365.7,"GOM_Cod"
"26",2003,20153.9937,14373.2080246154,6355.5,"GOM_Cod"
"27",2004,17615.9254,12535.7289835821,5768.8,"GOM_Cod"
"28",2005,15904.9364,9465.75834880952,5257.6,"GOM_Cod"
"29",2006,17657.0354,8319.32240833333,4207.3,"GOM_Cod"
"30",2007,21852.5948,10792.3945444444,5485,"GOM_Cod"
"31",2008,24188.3536,11757.9150419355,7186.5,"GOM_Cod"
"32",2009,23501.207,12280.1170269231,8246.7,"GOM_Cod"
"33",2010,18941.5619,11098.3317841121,7517.4,"GOM_Cod"
"34",2011,13305.8776,8070.18997884615,6673.2,"GOM_Cod"
"35",2012,7912.4246,3857.86098314607,3471.7,"GOM_Cod"
"36",2013,6345.3435,2172.04365488722,1776.9,"GOM_Cod"
"37",2014,6640.0195,2181.38266979167,1470.6,"GOM_Cod"
"38",1978,154472.653,135102.45475,40929,"GB_Cod"
"39",1979,176728.407,142857.761146341,44442,"GB_Cod"
"40",1980,172665.137,141884.254903846,53949,"GB_Cod"
"41",1981,170303.143,129249.401078431,48667,"GB_Cod"
"42",1982,172489.935,132364.827086957,62509,"GB_Cod"
"43",1983,138079.26,117110.526470588,54291,"GB_Cod"
"44",1984,120774.913,94250.849016129,40430,"GB_Cod"
"45",1985,101362.989,77243.2743563218,43361,"GB_Cod"
"46",1986,105909.202,66750.9559827586,27548,"GB_Cod"
"47",1987,120500.037,79653.9648545455,32665,"GB_Cod"
"48",1988,121220.203,95289.782875,42712,"GB_Cod"
"49",1989,114256.048,87739.4375,34938,"GB_Cod"
"50",1990,109278.216,90190.5102739726,44541,"GB_Cod"
"51",1991,96584.172,70286.4881797753,39342,"GB_Cod"
"52",1992,74827.828,53021.4633764706,29827,"GB_Cod"
"53",1993,54536.399,45402.1683225806,26006,"GB_Cod"
"54",1994,39454.281,23704.5644636364,16042,"GB_Cod"
"55",1995,34951.562,20778.6323823529,9983,"GB_Cod"
"56",1996,36480.642,22759.0717666667,9840,"GB_Cod"
"57",1997,37679.585,21862.2750114943,12422,"GB_Cod"
"58",1998,37287.873,19079.9959493671,10372,"GB_Cod"
"59",1999,38043.892,20878.7919605263,10987,"GB_Cod"
"60",2000,44056.835,23142.2856451613,10294,"GB_Cod"
"61",2001,40132.352,24160.1375662651,13709,"GB_Cod"
"62",2002,31688.689,22106.1730394737,11372,"GB_Cod"
"63",2003,24628.919,17083.8394,8945,"GB_Cod"
"64",2004,19116.229,13252.2062777778,5182,"GB_Cod"
"65",2005,17473.657,11201.1073384615,5074,"GB_Cod"
"66",2006,19003.931,11926.55998,4441,"GB_Cod"
"67",2007,20249.556,12592.7643538462,5664,"GB_Cod"
"68",2008,25154.285,12263.3702758621,5163,"GB_Cod"
"69",2009,28078.656,14287.0707142857,4645,"GB_Cod"
"70",2010,31152.762,16695.8880689655,3960,"GB_Cod"
"71",2011,39189.144,23402.4052173913,4449,"GB_Cod"
"72",2012,NA,NA,2653,"GB_Cod"
"73",2013,NA,NA,1824,"GB_Cod"
"74",2014,NA,NA,2082,"GB_Cod"
"75",1978,NA,NA,NA,"GB_Haddock"
"76",1979,NA,NA,NA,"GB_Haddock"
"77",1980,NA,NA,NA,"GB_Haddock"
"78",1981,92243.4,68959.4654375,25011,"GB_Haddock"
"79",1982,70856.82,59828.9760157895,17627,"GB_Haddock"
"80",1983,50620.68,38642.797515,12009,"GB_Haddock"
"81",1984,41515.32,26019.4035759259,10394,"GB_Haddock"
"82",1985,36701.57,20699.5311612245,7943,"GB_Haddock"
"83",1986,36314.49,23195.3915210526,6846,"GB_Haddock"
"84",1987,35043.84,22493.527774359,6997,"GB_Haddock"
"85",1988,35886.82,20806.61285,6689,"GB_Haddock"
"86",1989,36224.81,18120.8270157895,4915,"GB_Haddock"
"87",1990,36218.17,20559.5467380952,5574,"GB_Haddock"
"88",1991,31520.8,15703.0975636364,6997,"GB_Haddock"
"89",1992,28834.45,18403.7958196721,6244,"GB_Haddock"
"90",1993,34902.95,13812.570468,4668,"GB_Haddock"
"91",1994,40585.97,10312.8560861538,4827,"GB_Haddock"
"92",1995,45722.63,20534.9743928571,2442,"GB_Haddock"
"93",1996,56670.16,22553.4849090909,4131,"GB_Haddock"
"94",1997,67896.73,36679.8371615385,3833,"GB_Haddock"
"95",1998,79090.68,39929.8796166667,5665,"GB_Haddock"
"96",1999,108707.44,43997.6704055556,6357,"GB_Haddock"
"97",2000,117791.94,56503.0225947368,8711,"GB_Haddock"
"98",2001,137538.7,55263.7521392857,11788,"GB_Haddock"
"99",2002,154163.65,64979.6342678571,13258,"GB_Haddock"
"100",2003,141079.79,59422.5121444444,12827,"GB_Haddock"
"101",2004,173006.83,52427.4338955556,18253,"GB_Haddock"
"102",2005,219744.33,71361.6104275,21814,"GB_Haddock"
"103",2006,242300.46,49592.5404452381,15989,"GB_Haddock"
"104",2007,220907.77,78888.900392,16815,"GB_Haddock"
"105",2008,205172.08,102591.411866667,21021,"GB_Haddock"
"106",2009,168731.66,102825.0676,23126,"GB_Haddock"
"107",2010,123497.25,98852.0093121212,25903,"GB_Haddock"
"108",2011,171327.91,52218.001015,16670,"GB_Haddock"
"109",2012,189004.93,24424.5906885714,6935,"GB_Haddock"
"110",2013,287820.25,32353.2517916667,6828,"GB_Haddock"
"111",2014,773267.35,92474.0491869565,18602,"GB_Haddock"
"112",1978,24774.0686310787,10086.2396508632,5023.5,"GOM_Haddock"
"113",1979,24544.0178926,11974.3180048151,4387.6,"GOM_Haddock"
"114",1980,27709.145754,12542.4030709767,6520.6,"GOM_Haddock"
"115",1981,26160.4803295,11685.8482890894,6264.5,"GOM_Haddock"
"116",1982,21052.9971935,11395.7989816654,6941.7,"GOM_Haddock"
"117",1983,16670.838681,9752.48470121758,7655.6,"GOM_Haddock"
"118",1984,11704.0522458,6414.79687871846,4101.4,"GOM_Haddock"
"119",1985,7995.222482,4337.54513085897,3088.2,"GOM_Haddock"
"120",1986,4557.5977602,2722.3777940188,1922.2,"GOM_Haddock"
"121",1987,2518.9098655,1493.854332864,909.4,"GOM_Haddock"
"122",1988,1606.2864605,940.785715649716,438.8,"GOM_Haddock"
"123",1989,1504.6870367,698.68913019262,284.6,"GOM_Haddock"
"124",1990,1449.1402691,649.105586326147,472.4,"GOM_Haddock"
"125",1991,1476.674227,512.167930037875,446.6,"GOM_Haddock"
"126",1992,1401.62457404,355.160764412549,321.4,"GOM_Haddock"
"127",1993,1780.38386325,342.523880997162,206.9,"GOM_Haddock"
"128",1994,3340.36838958,529.49772516826,186.7,"GOM_Haddock"
"129",1995,4861.5980854,905.885697242434,403.7,"GOM_Haddock"
"130",1996,5901.02722098,1469.72204569817,341,"GOM_Haddock"
"131",1997,9106.2120094,2832.62230746938,1037.9,"GOM_Haddock"
"132",1998,9513.7669446,3615.24219514749,988.4,"GOM_Haddock"
"133",1999,11519.9912436,3422.25736836344,594.1,"GOM_Haddock"
"134",2000,14922.9789765,4459.07339571346,985.5,"GOM_Haddock"
"135",2001,20062.321699,6831.56748769086,1232.4,"GOM_Haddock"
"136",2002,17002.031705,8118.78863133356,1251.8,"GOM_Haddock"
"137",2003,14757.203856,8366.54788621694,1346.7,"GOM_Haddock"
"138",2004,13553.998411,9121.88796963476,1307.9,"GOM_Haddock"
"139",2005,12599.547599,7244.2767728797,1576.7,"GOM_Haddock"
"140",2006,10640.535965,6171.34028466167,1166.9,"GOM_Haddock"
"141",2007,9507.1213454,5001.17390231102,1343.2,"GOM_Haddock"
"142",2008,8183.7799674,4421.98645620963,1161.6,"GOM_Haddock"
"143",2009,6985.8466137,4238.92646779546,945.6,"GOM_Haddock"
"144",2010,6079.3116009,3863.35375635627,958.1,"GOM_Haddock"
"145",2011,8378.0123803,3311.04640972965,744.2,"GOM_Haddock"
"146",2012,9024.163943,2581.07175306135,739.1,"GOM_Haddock"
"147",2013,14118.6659004,2855.13758351347,793.3,"GOM_Haddock"
"148",2014,20336.5185696,4020.58087928634,1021.2,"GOM_Haddock"
"149",1978,NA,NA,NA,"Plaice"
"150",1979,NA,NA,NA,"Plaice"
"151",1980,61983.727,43498.3028818182,13597,"Plaice"
"152",1981,55832.4439,45784.4228657895,12881,"Plaice"
"153",1982,49806.2902,31942.1342471429,15156,"Plaice"
"154",1983,41083.049,28392.9985913043,13178,"Plaice"
"155",1984,31783.2815,29366.1147461538,10142,"Plaice"
"156",1985,19209.7326,13126.4126816092,7070,"Plaice"
"157",1986,16496.5635,10225.0495075758,4506,"Plaice"
"158",1987,15832.5374,11492.1341960784,3849,"Plaice"
"159",1988,17612.9169,13163.4167552632,3490,"Plaice"
"160",1989,15155.2852,10034.72346875,2421,"Plaice"
"161",1990,18657.345,13622.2628538462,2497,"Plaice"
"162",1991,22282.0662,22884.2045916667,4287,"Plaice"
"163",1992,21984.7209,22699.0027782609,6419,"Plaice"
"164",1993,21029.4637,14731.1943032258,5720,"Plaice"
"165",1994,19833.6698,9972.51692857143,5007,"Plaice"
"166",1995,18221.1509,9505.12178791209,4619,"Plaice"
"167",1996,18626.7562,11111.6314983607,4365,"Plaice"
"168",1997,20514.7389,12702.1883784314,3955,"Plaice"
"169",1998,17969.7572,11136.2130113208,3651,"Plaice"
"170",1999,16746.7973,9033.84873333333,3231,"Plaice"
"171",2000,19085.6607,11418.0524928571,4339,"Plaice"
"172",2001,15139.8126,11060.253696875,4451,"Plaice"
"173",2002,13136.594,9113.92750169492,3498,"Plaice"
"174",2003,10587.3725,6114.27831076923,2487,"Plaice"
"175",2004,8837.2369,5075.23596727273,1713,"Plaice"
"176",2005,9686.8934,6271.03280909091,1343,"Plaice"
"177",2006,12554.2502,6136.29004642857,1105,"Plaice"
"178",2007,17978.7263,11175.4657461538,990,"Plaice"
"179",2008,21241.3107,9611.68427058823,1100,"Plaice"
"180",2009,21321.8515,10329.31574,1380,"Plaice"
"181",2010,22588.7887,15218.1855571429,1404,"Plaice"
"182",2011,21971.0922,16358.4066,1369,"Plaice"
"183",2012,20259.6966,15790.4284384615,1463,"Plaice"
"184",2013,20171.0053,16988.71059,1297,"Plaice"
"185",2014,20751.3006,19716.808875,1239,"Plaice"
"186",1978,NA,NA,NA,"Witch"
"187",1979,NA,NA,NA,"Witch"
"188",1980,NA,NA,NA,"Witch"
"189",1981,NA,NA,NA,"Witch"
"190",1982,29243.619,23268.2319615385,4956,"Witch"
"191",1983,24649.402,15833.0655490196,6160,"Witch"
"192",1984,23985.122,14753.5492698413,6758,"Witch"
"193",1985,20751.142,12707.4016617647,6193,"Witch"
"194",1986,16224.536,12399.01644,4635,"Witch"
"195",1987,12990.49,7887.18351666667,3494,"Witch"
"196",1988,11406.913,6679.25718571429,3320,"Witch"
"197",1989,10316.005,6171.26261363636,2144,"Witch"
"198",1990,10316.929,7410.81148,1559,"Witch"
"199",1991,11302.258,9570.77544,1991,"Witch"
"200",1992,12310.518,13170.0170434783,2434,"Witch"
"201",1993,11573.118,8040.52413333333,2770,"Witch"
"202",1994,10224.362,6930.42593333333,2975,"Witch"
"203",1995,9082.96,5428.97253225806,2397,"Witch"
"204",1996,9297.446,3007.09875438597,2288,"Witch"
"205",1997,10997.839,2604.6055462963,1991,"Witch"
"206",1998,11823.601,4272.88086363636,2212,"Witch"
"207",1999,14521.958,5529.93118518518,2376,"Witch"
"208",2000,13797.448,6021.38698245614,2618,"Witch"
"209",2001,14210.336,5116.11369230769,3316,"Witch"
"210",2002,14765.367,8139.98594545454,3409,"Witch"
"211",2003,11640.814,6457.65497368421,3461,"Witch"
"212",2004,10567.06,5060.34920212766,3229,"Witch"
"213",2005,8543.431,4694.23188372093,2800,"Witch"
"214",2006,6354.405,3251.145,1947,"Witch"
"215",2007,5394.264,2758.78101754386,1164,"Witch"
"216",2008,5554.993,2189.23231818182,1072,"Witch"
"217",2009,5000.055,2435.82687931035,1058,"Witch"
"218",2010,4350.022,1714.38626865672,848,"Witch"
"219",2011,4772.777,1998.26902650794,941,"Witch"
"220",2012,5305.669,2033.84445641026,1106,"Witch"
"221",2013,5397.695,1518.37987390625,735,"Witch"
"222",2014,6776.669,1762.49347488372,604,"Witch"
"223",1978,NA,NA,4471,"CCGOM_Yellow"
"224",1979,NA,NA,4939,"CCGOM_Yellow"
"225",1980,NA,NA,6167,"CCGOM_Yellow"
"226",1981,NA,NA,4174,"CCGOM_Yellow"
"227",1982,NA,NA,4035,"CCGOM_Yellow"
"228",1983,NA,NA,2509,"CCGOM_Yellow"
"229",1984,NA,NA,1385,"CCGOM_Yellow"
"230",1985,3562.7756526,1266.0940932849,1348.542,"CCGOM_Yellow"
"231",1986,4225.2557527,3178.50053247493,1601.519,"CCGOM_Yellow"
"232",1987,4000.9757903,3534.70407010188,1647.979,"CCGOM_Yellow"
"233",1988,5607.5441485,1469.22456675108,1657.599,"CCGOM_Yellow"
"234",1989,7848.66057466,1548.10197166006,1570.225,"CCGOM_Yellow"
"235",1990,7954.85865971,10903.9370621156,4547.624,"CCGOM_Yellow"
"236",1991,5426.22394266,2135.89672011517,2289.963,"CCGOM_Yellow"
"237",1992,5810.7219934,3094.15622569817,1760.453,"CCGOM_Yellow"
"238",1993,2917.44664205,1278.79222454416,934.706,"CCGOM_Yellow"
"239",1994,3591.2380494,1681.42441915746,1351.255,"CCGOM_Yellow"
"240",1995,3987.0304045,1522.30550748932,1517.787,"CCGOM_Yellow"
"241",1996,4125.63144408,2129.61928598993,1514.82,"CCGOM_Yellow"
"242",1997,4575.95337785,1858.13979264866,1686.049,"CCGOM_Yellow"
"243",1998,3888.578751716,1483.51780924715,1621.756,"CCGOM_Yellow"
"244",1999,5933.26499998,1950.90513068509,1452.103,"CCGOM_Yellow"
"245",2000,6765.5120921,2539.43476941063,2585.792,"CCGOM_Yellow"
"246",2001,7013.85334224,2771.40597081994,2618.174,"CCGOM_Yellow"
"247",2002,5966.0940953,2329.2532619752,2157.171,"CCGOM_Yellow"
"248",2003,4139.48233755,2506.40664507717,1968.392,"CCGOM_Yellow"
"249",2004,2592.70839958,1299.69681658483,1186.166,"CCGOM_Yellow"
"250",2005,2089.67822363,1126.42119028533,997.348,"CCGOM_Yellow"
"251",2006,2127.53767434,726.115069754961,619.919,"CCGOM_Yellow"
"252",2007,2127.90096943,922.728773573467,632.161,"CCGOM_Yellow"
"253",2008,2645.49122475,968.126007912067,698.078,"CCGOM_Yellow"
"254",2009,3045.37469645,1199.9098817088,638.44,"CCGOM_Yellow"
"255",2010,3425.935942,1726.30604831512,633.298,"CCGOM_Yellow"
"256",2011,3701.1339952,1616.6632771954,758.696,"CCGOM_Yellow"
"257",2012,3779.8625815,1761.38917343848,1091.038,"CCGOM_Yellow"
"258",2013,4342.70198974,1200.92329023108,676.639,"CCGOM_Yellow"
"259",2014,5490.72213177,1680.33205491184,474.771,"CCGOM_Yellow"
"260",1978,NA,NA,NA,"SNEMA_Yellow"
"261",1979,NA,NA,NA,"SNEMA_Yellow"
"262",1980,NA,NA,NA,"SNEMA_Yellow"
"263",1981,50317.63176,19968.1501839286,6607,"SNEMA_Yellow"
"264",1982,49693.94041,13293.7768788029,15764,"SNEMA_Yellow"
"265",1983,50723.89674,11080.2982061099,22211,"SNEMA_Yellow"
"266",1984,47775.79237,9793.95489712739,11225,"SNEMA_Yellow"
"267",1985,37244.51272,11256.474106181,4817,"SNEMA_Yellow"
"268",1986,32776.59826,10006.4744343765,4620,"SNEMA_Yellow"
"269",1987,27999.42162,10919.8815452581,2652,"SNEMA_Yellow"
"270",1988,26482.80022,33458.7224379648,2782,"SNEMA_Yellow"
"271",1989,20249.4872,5442.42155436714,8349,"SNEMA_Yellow"
"272",1990,20042.21306,2488.41281096407,17916,"SNEMA_Yellow"
"273",1991,15823.17573,3730.58946609508,6430,"SNEMA_Yellow"
"274",1992,11303.64385,2265.45013844637,2695,"SNEMA_Yellow"
"275",1993,12680.84466,4283.41231167378,771,"SNEMA_Yellow"
"276",1994,13020.80426,1670.6090078897,735,"SNEMA_Yellow"
"277",1995,16041.27558,3956.89497886773,343,"SNEMA_Yellow"
"278",1996,18430.01991,4612.51243944315,759,"SNEMA_Yellow"
"279",1997,12862.67613,2669.74097441802,1222,"SNEMA_Yellow"
"280",1998,16945.21166,2166.01121431278,1087,"SNEMA_Yellow"
"281",1999,13500.36054,2221.86749409285,1403,"SNEMA_Yellow"
"282",2000,15471.799,3323.52293349093,1397,"SNEMA_Yellow"
"283",2001,13913.555,3159.5613363861,1449,"SNEMA_Yellow"
"284",2002,8547.539,2397.25000342763,945,"SNEMA_Yellow"
"285",2003,6847.025,2534.44687398757,666,"SNEMA_Yellow"
"286",2004,7690.974,1684.63403293451,619,"SNEMA_Yellow"
"287",2005,8554.096,1791.14002487148,346,"SNEMA_Yellow"
"288",2006,9085.049,2503.6897740418,396,"SNEMA_Yellow"
"289",2007,8937.31,3375.9066366026,502,"SNEMA_Yellow"
"290",2008,8748.809,2553.71838168525,583,"SNEMA_Yellow"
"291",2009,8576.949,1268.420864224,453,"SNEMA_Yellow"
"292",2010,8551.269,1211.9317192222,291,"SNEMA_Yellow"
"293",2011,7853.493,1245.14811282816,390,"SNEMA_Yellow"
"294",2012,7225.609,777.297487624167,563,"SNEMA_Yellow"
"295",2013,6349.46,869.996229238162,646,"SNEMA_Yellow"
"296",2014,4781.706,334.954157861927,625,"SNEMA_Yellow"
"297",1978,NA,NA,NA,"GB_Yellow"
"298",1979,21314.702,10275.405030303,6935,"GB_Yellow"
"299",1980,21786.115,15646.1633472222,7539,"GB_Yellow"
"300",1981,26304.886,9455.49664516129,6979,"GB_Yellow"
"301",1982,30452.919,17460.9011363636,12520,"GB_Yellow"
"302",1983,22136.37,30715.325641791,11989,"GB_Yellow"
"303",1984,10501.926,7426.80215469613,6280,"GB_Yellow"
"304",1985,8753.404,5102.49682524272,3267,"GB_Yellow"
"305",1986,8613.796,6463.97815,3474,"GB_Yellow"
"306",1987,7223.382,4954.47471641791,3580,"GB_Yellow"
"307",1988,7372.25,3038.84587179487,2759,"GB_Yellow"
"308",1989,9466.073,2549.32127956989,1783,"GB_Yellow"
"309",1990,9784.26,6919.63925531915,4089,"GB_Yellow"
"310",1991,9127.727,3288.89736567164,2564,"GB_Yellow"
"311",1992,11530.196,7065.21610084034,5299,"GB_Yellow"
"312",1993,9370.365,4235.46306122449,4300,"GB_Yellow"
"313",1994,8985.708,4408.79283060109,4158,"GB_Yellow"
"314",1995,7442.106,1786.45961290323,1135,"GB_Yellow"
"315",1996,9352.505,3943.36826315789,1700,"GB_Yellow"
"316",1997,14211.646,6417.97423529412,2464,"GB_Yellow"
"317",1998,16554.372,8610.03588059701,3985,"GB_Yellow"
"318",1999,21452.663,10263.263,4963,"GB_Yellow"
"319",2000,23571.886,11737.5146875,7341,"GB_Yellow"
"320",2001,22762.171,12212.412814433,7419,"GB_Yellow"
"321",2002,21569.767,12006.2221692308,5663,"GB_Yellow"
"322",2003,18889.027,15434.8703770492,6562,"GB_Yellow"
"323",2004,13102.402,7678.17825257732,6815,"GB_Yellow"
"324",2005,7711.602,5187.09401438849,3852,"GB_Yellow"
"325",2006,5836.451,2432.5708051948,2057,"GB_Yellow"
"326",2007,6016.04,2339.7692,1664,"GB_Yellow"
"327",2008,5394.553,3645.64922807018,1499,"GB_Yellow"
"328",2009,6177.554,3270.77637349398,1806,"GB_Yellow"
"329",2010,5228.849,2305.83930136986,1170,"GB_Yellow"
"330",2011,4607.874,2667.89756666667,1171,"GB_Yellow"
"331",2012,3948.375,2901.51284375,725,"GB_Yellow"
"332",2013,NA,NA,218,"GB_Yellow"
"333",2014,NA,NA,159,"GB_Yellow"
"334",1978,NA,NA,NA,"SNEMA_Winter"
"335",1979,NA,NA,NA,"SNEMA_Winter"
"336",1980,NA,NA,NA,"SNEMA_Winter"
"337",1981,56944.22844,32767.6934292432,15764,"SNEMA_Winter"
"338",1982,52603.79407,32922.3025071091,14143,"SNEMA_Winter"
"339",1983,51752.0859,28183.7641477836,13582,"SNEMA_Winter"
"340",1984,45111.95461,26922.979852648,15526,"SNEMA_Winter"
"341",1985,33124.97638,19953.164110307,13891,"SNEMA_Winter"
"342",1986,28988.81772,15718.7102739809,9217,"SNEMA_Winter"
"343",1987,23381.63876,13447.7337493758,9352,"SNEMA_Winter"
"344",1988,19957.00555,11709.4796050279,8795,"SNEMA_Winter"
"345",1989,20527.77087,10332.409144969,6915,"SNEMA_Winter"
"346",1990,18813.17607,10369.9465966535,5999,"SNEMA_Winter"
"347",1991,16911.21742,10563.0628363704,6842,"SNEMA_Winter"
"348",1992,13126.19067,8543.13380495763,4729,"SNEMA_Winter"
"349",1993,15118.78061,7075.96331116229,4311,"SNEMA_Winter"
"350",1994,19815.29068,7116.11835526983,3092,"SNEMA_Winter"
"351",1995,21400.29338,8872.23616918695,3434,"SNEMA_Winter"
"352",1996,19235.95559,10026.8036585901,3702,"SNEMA_Winter"
"353",1997,25598.59121,11807.9273002762,4483,"SNEMA_Winter"
"354",1998,22727.39612,11033.5968534748,3614,"SNEMA_Winter"
"355",1999,20368.12201,11655.0793891463,3745,"SNEMA_Winter"
"356",2000,20816.191,13873.9679851555,4754,"SNEMA_Winter"
"357",2001,18637.488,12052.336761178,5147,"SNEMA_Winter"
"358",2002,14689.948,8761.80653915316,3412,"SNEMA_Winter"
"359",2003,13015.893,8095.38552287534,2827,"SNEMA_Winter"
"360",2004,10992.386,6574.30994969204,1942,"SNEMA_Winter"
"361",2005,12208.431,6285.31889590343,1563,"SNEMA_Winter"
"362",2006,12724.268,7320.89657729514,2023,"SNEMA_Winter"
"363",2007,11498.544,7791.83615356961,1866,"SNEMA_Winter"
"364",2008,9984.255,6462.15719033286,1298,"SNEMA_Winter"
"365",2009,9563.828,5614.63238396772,532,"SNEMA_Winter"
"366",2010,10499.858,6421.31797306814,363,"SNEMA_Winter"
"367",2011,10836.256,7284.90237624183,530,"SNEMA_Winter"
"368",2012,10839.5,7410.62413027223,650,"SNEMA_Winter"
"369",2013,10751.065,7185.11058158625,1074,"SNEMA_Winter"
"370",2014,9066.99,5881.28671042523,753,"SNEMA_Winter"
"371",1978,NA,NA,NA,"GB_Winter"
"372",1979,NA,NA,NA,"GB_Winter"
"373",1980,NA,NA,NA,"GB_Winter"
"374",1981,NA,NA,NA,"GB_Winter"
"375",1982,30376.13,20395.1839171429,3338,"GB_Winter"
"376",1983,26295.855,26488.2080445455,4203,"GB_Winter"
"377",1984,19155.032,12757.8270524576,4182,"GB_Winter"
"378",1985,16655.429,8854.29622691358,2432,"GB_Winter"
"379",1986,18327.607,9820.52146614035,2110,"GB_Winter"
"380",1987,17073.791,11844.9684759211,3138,"GB_Winter"
"381",1988,16912.424,11738.1393603261,3278,"GB_Winter"
"382",1989,15475.796,7380.69296071429,2343,"GB_Winter"
"383",1990,15141.911,7318.63131736264,2442,"GB_Winter"
"384",1991,14412.551,10122.0553294828,2310,"GB_Winter"
"385",1992,11844.049,7569.422865,2056,"GB_Winter"
"386",1993,9956.715,6167.44855022472,1873,"GB_Winter"
"387",1994,8076.029,6882.05498956522,1150,"GB_Winter"
"388",1995,12633.263,6873.15746,842,"GB_Winter"
"389",1996,14731.898,8841.7004326087,1554,"GB_Winter"
"390",1997,11424.828,4019.1690726087,1562,"GB_Winter"
"391",1998,15418.376,8264.46217705882,1569,"GB_Winter"
"392",1999,19256.837,11378.1250634615,1235,"GB_Winter"
"393",2000,22266.562,17447.6272707143,2027,"GB_Winter"
"394",2001,18183.773,12704.2773759615,2413,"GB_Winter"
"395",2002,17568.633,12490.4896208929,2558,"GB_Winter"
"396",2003,15593.239,11995.1630123595,3328,"GB_Winter"
"397",2004,10252.428,6423.10225942857,3026,"GB_Winter"
"398",2005,7560.006,4951.68272279412,2347,"GB_Winter"
"399",2006,7633.338,4844.71318925926,1125,"GB_Winter"
"400",2007,8423.864,4448.37423967742,1039,"GB_Winter"
"401",2008,9436.42,4225.92227486487,1179,"GB_Winter"
"402",2009,10691.72,5986.56473195652,2013,"GB_Winter"
"403",2010,11072.157,5384.78616378378,1544,"GB_Winter"
"404",2011,10593.559,5744.53799843137,2070,"GB_Winter"
"405",2012,11276.561,6314.3717512,2185,"GB_Winter"
"406",2013,8851.995,4779.44735811321,1763,"GB_Winter"
"407",2014,8633.685,4340.13135105263,1219,"GB_Winter"
"408",1978,72992.9587,64493.7273504,14083,"Redfish"
"409",1979,61845.8118,56091.0663490323,14755,"Redfish"
"410",1980,49291.0765,48904.653975,10183,"Redfish"
"411",1981,40982.6008,39426.7078834783,7915,"Redfish"
"412",1982,34767.8604,31889.0750364,6903,"Redfish"
"413",1983,29548.4778,26439.0702356522,5328,"Redfish"
"414",1984,25996.5404,22811.7025208333,4793,"Redfish"
"415",1985,23004.8706,19679.4493344,4282,"Redfish"
"416",1986,20601.2846,16374.5850955,2929,"Redfish"
"417",1987,19779.526,17110.7221991667,1894,"Redfish"
"418",1988,20321.0174,15598.1772725,1177,"Redfish"
"419",1989,21944.7215,17579.9180275,669.427,"Redfish"
"420",1990,24453.3102,16824.4079375,638.655,"Redfish"
"421",1991,27328.953,222335.985836667,2039.117,"Redfish"
"422",1992,20517.8664,14781.7036385714,977.965,"Redfish"
"423",1993,24203.6163,16422.6001485714,1045.675,"Redfish"
"424",1994,29704.6754,17772.359708,545.862,"Redfish"
"425",1995,37637.088,22549.16634,630.859,"Redfish"
"426",1996,47832.5129,24025.6845566667,688.715,"Redfish"
"427",1997,59602.9778,45721.86351,431.629,"Redfish"
"428",1998,72825.3119,67476.47815,586.094,"Redfish"
"429",1999,86654.2736,39536.98392,382.944,"Redfish"
"430",2000,101675.8247,50067.15714,487.886,"Redfish"
"431",2001,117811.0319,78564.90396,727.67,"Redfish"
"432",2002,135088.5282,NA,493.573,"Redfish"
"433",2003,154024.3436,NA,564.253,"Redfish"
"434",2004,174103.3375,NA,522.55,"Redfish"
"435",2005,195418.9891,NA,664.651,"Redfish"
"436",2006,217760.0873,NA,647.908,"Redfish"
"437",2007,241483.6081,122178.67362,1160.395,"Redfish"
"438",2008,267362.3368,139944.10666,1373.072,"Redfish"
"439",2009,297389.4154,176570.32464,1667,"Redfish"
"440",2010,331624.8753,193507.34431,1852,"Redfish"
"441",2011,368810.9532,240856.8698,2223,"Redfish"
"442",2012,406992.2843,409647.39103,4146,"Redfish"
"443",2013,443225.8417,418904.14593,3974,"Redfish"
"444",2014,479105.7712,504997.08801,5086,"Redfish"
"445",1978,47963.47,42169.4366064706,6053,"White_Hake"
"446",1979,46639.7524,39440.992550625,5295.7,"White_Hake"
"447",1980,45914.2611,40235.8458777778,6098.8,"White_Hake"
"448",1981,44139.1095,38095.8853191667,7211.2,"White_Hake"
"449",1982,41182.549,34777.2117136667,7557.4,"White_Hake"
"450",1983,36956.5244,31356.6831522581,7732.2,"White_Hake"
"451",1984,33710.8485,27668.2133689474,8001.3,"White_Hake"
"452",1985,30731.7145,24557.2441436957,8469.4,"White_Hake"
"453",1986,27205.0302,20372.4360635294,7532.1,"White_Hake"
"454",1987,25946.8857,18245.1661239344,7020.2,"White_Hake"
"455",1988,24704.4142,16725.5204587302,5974.9,"White_Hake"
"456",1989,23066.294,15576.5479066667,5690.9,"White_Hake"
"457",1990,25451.731,16625.7052285714,6826.7,"White_Hake"
"458",1991,26539.66,15789.2531052632,5999.6,"White_Hake"
"459",1992,26592.157,17882.1816727273,9210.9,"White_Hake"
"460",1993,23038.737,16071.4652252336,8946.6,"White_Hake"
"461",1994,16956.627,11889.1402,5046.5,"White_Hake"
"462",1995,15674.399,10336.1789628571,4618.7,"White_Hake"
"463",1996,13610.079,9796.70143703704,3497.9,"White_Hake"
"464",1997,13073.58,9712.30503142857,2359.5,"White_Hake"
"465",1998,15355.275,10737.3481125,2515.2,"White_Hake"
"466",1999,15501.897,10874.2971266667,3560.5,"White_Hake"
"467",2000,15119.154,10485.9105880952,3200,"White_Hake"
"468",2001,18508.828,12095.3993930233,3836.7,"White_Hake"
"469",2002,20771.867,13851.719965625,3389,"White_Hake"
"470",2003,19173.668,14861.5568651163,4759,"White_Hake"
"471",2004,17536.256,14261.1711333333,3623.6,"White_Hake"
"472",2005,15359.15,11557.3691290323,2763.2,"White_Hake"
"473",2006,15740.889,11744.0524368421,1761.8,"White_Hake"
"474",2007,21188.843,14549.1533384615,1565,"White_Hake"
"475",2008,20435.371,15050.8506583333,1504.4,"White_Hake"
"476",2009,21140.68,14685.41616,1779.5,"White_Hake"
"477",2010,27829.448,19510.9891,1898.6,"White_Hake"
"478",2011,31933.6,23988.7004133333,2951.4,"White_Hake"
"479",2012,32339.029,24316.82945,2803.9,"White_Hake"
"480",2013,33749.705,26808.76209,2263.4,"White_Hake"
"481",2014,35397.477,28282.5176375,1938.9,"White_Hake"
"482",1978,222576.1,166816.786705202,21512,"Pollock"
"483",1979,198487.9,146150.798076923,17645,"Pollock"
"484",1980,147756,114716.4525,22201,"Pollock"
"485",1981,135996.7,103789.944202899,22879,"Pollock"
"486",1982,121865.5,94144.0819852941,20787,"Pollock"
"487",1983,115109.3,87684.2833962264,19443,"Pollock"
"488",1984,104863.9,83249.005015674,21112,"Pollock"
"489",1985,94075.89,80106.2484164223,21244,"Pollock"
"490",1986,94213.8,66003.1802681992,25155,"Pollock"
"491",1987,81673.8,56365.1694817658,20533,"Pollock"
"492",1988,73315.6,46232.2142276423,15365,"Pollock"
"493",1989,71608.3,47512.9605194805,11483,"Pollock"
"494",1990,77547.7,54214.8137931034,9916,"Pollock"
"495",1991,80472.7,60845.4182926829,8473,"Pollock"
"496",1992,90417.7,69933.0035,7470,"Pollock"
"497",1993,89665.5,69729.0295597484,5876,"Pollock"
"498",1994,79023.7,57784.8971223022,4337,"Pollock"
"499",1995,109863.7,61864.3702479339,4254,"Pollock"
"500",1996,124664,70852.6288888889,3709,"Pollock"
"501",1997,134362.5,93590.4296703297,4728,"Pollock"
"502",1998,154072.1,111966.130927835,5932,"Pollock"
"503",1999,172354.8,109242.341463415,4945,"Pollock"
"504",2000,170834.9,111060.422666667,4717,"Pollock"
"505",2001,183637.5,125933.339189189,5436,"Pollock"
"506",2002,227319.4,137153.193103448,4721,"Pollock"
"507",2003,239173.4,162471.710344828,5736,"Pollock"
"508",2004,233662.1,191056.767391304,6064,"Pollock"
"509",2005,237090.2,226678.727659574,7228,"Pollock"
"510",2006,214942.2,223356.471111111,7078,"Pollock"
"511",2007,194173.3,189108.778787879,9280,"Pollock"
"512",2008,160085.8,141535.405555556,12216,"Pollock"
"513",2009,137400.1,107690.254736842,8755,"Pollock"
"514",2010,115784.4,84645.3956989247,7373,"Pollock"
"515",2011,127422.6,87219.8870967742,9738,"Pollock"
"516",2012,136913,92335.4346153846,8277,"Pollock"
"517",2013,146358.1,101067.57,8594,"Pollock"
"518",2014,NA,NA,NA,"Pollock"
"519",1978,368822.07574,118305.64303584,111823.63,"Atl_Herring"
"520",1979,307125.8365,107961.719398586,118453.08,"Atl_Herring"
"521",1980,313458.51328,123264.892505664,114136.98,"Atl_Herring"
"522",1981,275514.42394,86211.224213749,104870.95,"Atl_Herring"
"523",1982,272612.15029,94335.5373239674,70102.52,"Atl_Herring"
"524",1983,280491.26198,116119.647817132,44441.85,"Atl_Herring"
"525",1984,382526.00836,142260.615285373,55510.834,"Atl_Herring"
"526",1985,454192.182242,142002.565766918,60818.38,"Atl_Herring"
"527",1986,603371.5149,247295.909701408,67852.24,"Atl_Herring"
"528",1987,575529.45804,252309.854216789,76320.06,"Atl_Herring"
"529",1988,590246.4823,263895.77765317,86041.61,"Atl_Herring"
"530",1989,653969.36993,270855.800144944,99123.46,"Atl_Herring"
"531",1990,844386.5285,401424.533122601,93520.27,"Atl_Herring"
"532",1991,1009048.747,532577.696009103,103904.61,"Atl_Herring"
"533",1992,1149649.9641,629419.104302181,123782.98,"Atl_Herring"
"534",1993,1131759.3997,655663.025178366,107824.98,"Atl_Herring"
"535",1994,1096973.1732,672933.376115976,85469.83,"Atl_Herring"
"536",1995,1632745.7975,765078.209897687,123034.43,"Atl_Herring"
"537",1996,2253394.6914,901778.429473311,132628.32,"Atl_Herring"
"538",1997,2080645.4486,1014000.2138168,144245.15,"Atl_Herring"
"539",1998,1685432.6746,913500.208174061,128402.89,"Atl_Herring"
"540",1999,1973553.444,911639.068946878,129435.96,"Atl_Herring"
"541",2000,1837718.3598,914462.085514775,124791.03,"Atl_Herring"
"542",2001,1333907.977,839046.841157304,139460.66,"Atl_Herring"
"543",2002,1391977.16,679746.574844218,104237.61,"Atl_Herring"
"544",2003,1470708.8279,670726.60941703,112049.105,"Atl_Herring"
"545",2004,1335552.5783,643351.642724773,115782.32,"Atl_Herring"
"546",2005,1240120.564,655996.046134495,108288.36,"Atl_Herring"
"547",2006,1289598.3404,633732.889147691,119710.18,"Atl_Herring"
"548",2007,1068028.8834,537842.481725079,114166.73,"Atl_Herring"
"549",2008,1103910.5983,567540.084674238,93062.301,"Atl_Herring"
"550",2009,1163609.203,516652.564449725,111107.701,"Atl_Herring"
"551",2010,1855093.424,569745.017858005,80466.64,"Atl_Herring"
"552",2011,1780475.0569,868133.841504652,87187.316,"Atl_Herring"
"553",2012,1968126.4196,878493.501781532,88584.8741,"Atl_Herring"
"554",2013,2109746.7033,984872.89789205,102210.389,"Atl_Herring"
"555",2014,2319633.6038,1205954.21754102,95469.751,"Atl_Herring"
"556",1978,NA,NA,NA,"Summer"
"557",1979,NA,NA,NA,"Summer"
"558",1980,NA,NA,NA,"Summer"
"559",1981,NA,NA,NA,"Summer"
"560",1982,55143.447,38687.7355126582,18847,"Summer"
"561",1983,61483.074,42992.1272061361,26291,"Summer"
"562",1984,51398.67,37942.3785208511,25934,"Summer"
"563",1985,49367.483,32129.4196161525,20357,"Summer"
"564",1986,50888.314,31022.8398037094,20741,"Summer"
"565",1987,45683.543,30819.6363713268,18223,"Summer"
"566",1988,33014.997,28837.4458891051,21564,"Summer"
"567",1989,16528.011,15111.792719581,10041,"Summer"
"568",1990,20598.368,12625.0292411429,7621,"Summer"
"569",1991,25510.537,16997.9354870317,10421,"Summer"
"570",1992,29467.506,25179.9627394231,13213,"Summer"
"571",1993,30619.992,22897.3943055266,11246,"Summer"
"572",1994,37166.369,24494.1122667387,12961,"Summer"
"573",1995,40635.595,9431.3884884507,10950,"Summer"
"574",1996,47209.051,13223.3659430014,12351,"Summer"
"575",1997,45706.244,18840.401358209,10649,"Summer"
"576",1998,51375.671,24156.0817315522,12003,"Summer"
"577",1999,43596.465,27289.1236527051,10910,"Summer"
"578",2000,59368.136,38092.7920910624,14993,"Summer"
"579",2001,60914.15,33870.2549760479,11813,"Summer"
"580",2002,67096.434,37098.6001434978,11827,"Summer"
"581",2003,75208.914,45940.3590118765,13654,"Summer"
"582",2004,84147.733,48987.5302467249,15821,"Summer"
"583",2005,70163.12,44507.9661528662,15189,"Summer"
"584",2006,69055.675,47397.263490085,13316,"Summer"
"585",2007,68764.74,50877.9492083333,11800,"Summer"
"586",2008,66838.418,35699.4046270718,10148,"Summer"
"587",2009,70610.207,35752.7946448087,10150,"Summer"
"588",2010,69260.291,36278.348428934,10779,"Summer"
"589",2011,65865.277,35990.4043382979,12345,"Summer"
"590",2012,60441.436,36124.8850368421,10297,"Summer"
"591",2013,58067.467,36968.5566632124,10464,"Summer"
"592",2014,56647.716,34361.356328084,10064,"Summer"
"593",1978,NA,NA,14496,"Scup"
"594",1979,NA,NA,13943,"Scup"
"595",1980,NA,NA,16027,"Scup"
"596",1981,NA,NA,17526,"Scup"
"597",1982,NA,NA,15518,"Scup"
"598",1983,NA,NA,14765,"Scup"
"599",1984,38747.253,24446.3838974359,12641,"Scup"
"600",1985,39695.718,22372.3463959276,13123,"Scup"
"601",1986,45585.702,30366.9028121442,16769,"Scup"
"602",1987,33074.296,22268.2597392924,12503,"Scup"
"603",1988,29134.636,18133.9967338783,10976,"Scup"
"604",1989,27835.794,14543.7988378378,8285,"Scup"
"605",1990,28540.556,17329.3669495074,9299,"Scup"
"606",1991,34656.844,19438.858535688,14892,"Scup"
"607",1992,28406.768,14997.7730937269,10562,"Scup"
"608",1993,19007.204,12307.2535182972,7981,"Scup"
"609",1994,16880.751,8724.88566928618,6804,"Scup"
"610",1995,15621.319,7012.87740703518,4781,"Scup"
"611",1996,16065.104,8768.59969990128,4993,"Scup"
"612",1997,17534.958,7876.17513857678,3514,"Scup"
"613",1998,26183.261,9828.56509215686,3086,"Scup"
"614",1999,32362.697,14536.6150769231,3259,"Scup"
"615",2000,70539.883,31534.9180508475,4779,"Scup"
"616",2001,102566.49,69900.0874368932,5869,"Scup"
"617",2002,122758.303,93317.6214074074,6553,"Scup"
"618",2003,138162.2,109620.989126316,9566,"Scup"
"619",2004,154798.826,126126.845146067,8993,"Scup"
"620",2005,171389.643,113358.703508197,5761,"Scup"
"621",2006,193157.264,103402.404142857,7084,"Scup"
"622",2007,219896.192,115841.908255814,7987,"Scup"
"623",2008,242086.52,143934.094698113,6062,"Scup"
"624",2009,245175.664,159151.306955882,8583,"Scup"
"625",2010,247942.244,158890.969518987,10537,"Scup"
"626",2011,259634.467,147450.171050633,9858,"Scup"
"627",2012,252947.083,132331.019581395,9853,"Scup"
"628",2013,234079.344,115015.935608333,12045,"Scup"
"629",2014,209820.162,95216.5140866142,10620,"Scup"
"630",1978,NA,NA,NA,"BSB"
"631",1979,NA,NA,NA,"BSB"
"632",1980,NA,NA,2099,"BSB"
"633",1981,NA,NA,1788,"BSB"
"634",1982,NA,NA,2729,"BSB"
"635",1983,NA,NA,3583,"BSB"
"636",1984,NA,NA,2258,"BSB"
"637",1985,NA,NA,2165,"BSB"
"638",1986,NA,NA,3537,"BSB"
"639",1987,NA,NA,2648,"BSB"
"640",1988,NA,NA,2917,"BSB"
"641",1989,8018.7290476,3896.61343747904,2427.4,"BSB"
"642",1990,8500.3853602,3976.83003312607,2744.8,"BSB"
"643",1991,9409.39145764,3897.35114966003,2944.9,"BSB"
"644",1992,10145.05693962,4086.29211891367,2592.5,"BSB"
"645",1993,9064.63042888,4399.18458543697,3394,"BSB"
"646",1994,8157.535392684,3849.26244217635,2137.9,"BSB"
"647",1995,10534.08366189,4519.17292663151,3282,"BSB"
"648",1996,10539.84263174,5045.30446779845,3793.8,"BSB"
"649",1997,10962.18828357,4945.72582134506,3178.9,"BSB"
"650",1998,10435.86808511,4135.9061537094,1980,"BSB"
"651",1999,13274.25563302,5982.56166586305,2330.5,"BSB"
"652",2000,16497.0837604,7396.9604747701,3494.1,"BSB"
"653",2001,18125.92615508,8233.76612567725,3620.4,"BSB"
"654",2002,19072.9431287,10731.2497541834,4346.7,"BSB"
"655",2003,16339.705218,9850.96669693385,3772.8,"BSB"
"656",2004,12757.410364,7503.34532109778,2903.5,"BSB"
"657",2005,11327.2527569,7179.27625846799,2377.1,"BSB"
"658",2006,10603.042451,6101.15725673671,2319.5,"BSB"
"659",2007,10546.8191816,5184.51073532567,2348.5,"BSB"
"660",2008,13133.7121381,5615.05062775715,2106.3,"BSB"
"661",2009,13708.880028,6438.57126466633,2132.2,"BSB"
"662",2010,16239.9346369,8443.88863955671,2587.2,"BSB"
"663",2011,14870.3356853,8244.64617665457,1661.6,"BSB"
"664",2012,22151.5139242,11313.6569581106,2729.4,"BSB"
"665",2013,24517.9379202,12198.3180391471,2733,"BSB"
"666",2014,27498.5408577,17647.8438107862,3630.6,"BSB"
"667",1978,NA,NA,NA,"Bluefish"
"668",1979,NA,NA,NA,"Bluefish"
"669",1980,NA,NA,NA,"Bluefish"
"670",1981,NA,NA,NA,"Bluefish"
"671",1982,NA,NA,45480,"Bluefish"
"672",1983,NA,NA,48871,"Bluefish"
"673",1984,NA,NA,37237,"Bluefish"
"674",1985,204733.24,129269.3128,32413.6,"Bluefish"
"675",1986,187663.06,126296.075,52234,"Bluefish"
"676",1987,160004.13,107392.2192,45191.7,"Bluefish"
"677",1988,121554.9,78119.1392,28670.5,"Bluefish"
"678",1989,112508.36,72931.4348,23693.1,"Bluefish"
"679",1990,102685.355,67918.0996,20252.5,"Bluefish"
"680",1991,90241.705,60418.15955,20647.4,"Bluefish"
"681",1992,82545.66,58132.1326,16945.8,"Bluefish"
"682",1993,77240.16,53175.9,14630.1,"Bluefish"
"683",1994,79265.68,52581.5948,12278.8,"Bluefish"
"684",1995,75867.795,49922.3161,10951.5,"Bluefish"
"685",1996,72277.38,49073.4888,9902.6,"Bluefish"
"686",1997,72602.275,48612.3594,11028.4,"Bluefish"
"687",1998,78657.745,53440.87825,9788.9,"Bluefish"
"688",1999,83750.85,56652.316,6635.7,"Bluefish"
"689",2000,95186.05,65979.8446,8600.9,"Bluefish"
"690",2001,102153.36,70575.5572,10696.2,"Bluefish"
"691",2002,91182.01,63453.684,8314.9,"Bluefish"
"692",2003,97240.94,66397.1569,10475.6,"Bluefish"
"693",2004,104447.045,73503.20035,12175,"Bluefish"
"694",2005,117443.455,77339.4284,12865.2,"Bluefish"
"695",2006,97949.07,66946.1985,11142.7,"Bluefish"
"696",2007,98545.545,66338.63655,13590.8,"Bluefish"
"697",2008,109841.26,76048.30015,12595.8,"Bluefish"
"698",2009,100342.115,66158.129,9855.6,"Bluefish"
"699",2010,101787.215,64203.4368,11275.2,"Bluefish"
"700",2011,99152.23,59232.33685,8173.7,"Bluefish"
"701",2012,104778.745,61392.7795,8075.6,"Bluefish"
"702",2013,112113.865,66052.46505,9040.3,"Bluefish"
"703",2014,107629.435,65279.87975,7008.6,"Bluefish"
